Address,Suburb,CouncilArea
60 Cummins Rd,Brighton East,Bayside
375 South Rd,Brighton East,Bayside
3 Besant St,Hampton East,Bayside
28 Guildford Rd,Surrey Hills,Boroondara
7 Roberts Ct,Brighton East,Bayside
39 Moore St,Footscray,Maribyrnong
5 Ballarat Rd,Maidstone,Maribyrnong
15 Alberta St,West Footscray,Maribyrnong
38 Whalley St,Northcote,Darebin
20 Butler St,Essendon,Moonee Valley
48 Crevelli St,Reservoir,Darebin
1/44 Arthur St,Eltham,Nillumbik
19 Charles St,Northcote,Darebin
1 Alma St,Aberfeldie,Moonee Valley
40 Ridley St,Albion,Brimbank
22 Harker St,Alphington,Darebin
86 Grieve Pde,Altona,Hobsons Bay
96 Linden St,Altona Meadows,Hobsons Bay
95 Marion St,Altona North,Hobsons Bay
121 Kooyong Rd,Armadale,Stonnington
2/26 Mercer Rd,Armadale,Stonnington
132 The Parade,Ascot Vale,Moonee Valley
16/109 Hotham St,Balaclava,Port Phillip
2 Carrington St,Balwyn North,Boroondara
65 Longview Rd,Balwyn North,Boroondara
17 Vicars St,Balwyn North,Boroondara
14 Wanbrow Av,Balwyn North,Boroondara
3 Grieve St,Bayswater,Knox
16 Clifton St,Bentleigh East,Glen Eira
15 Huntingdon Rd,Bentleigh East,Glen Eira
45 Tambet St,Bentleigh East,Glen Eira
18 Viewgrand Dr,Berwick,Casey
20 Iona St,Black Rock,Bayside
12 Katrina St,Blackburn North,Whitehorse
15 Merle St,Blackburn North,Whitehorse
78 Shafer Rd,Blackburn North,Whitehorse
20 Graham Pl,Box Hill,Whitehorse
6 Parkside Av,Box Hill,Whitehorse
3/25 Williams Rd,Briar Hill,Banyule
139 Cole St,Brighton,Bayside
9 Berkeley Gr,Brighton East,Bayside
1/9 Binnie St,Brighton East,Bayside
9 Dunoon Ct,Brighton East,Bayside
12 Hughes St,Brighton East,Bayside
23 Bicknell Ct,Broadmeadows,Hume
57 Edward St,Brunswick,Moreland
39 Wilkinson St,Brunswick,Moreland
18 Ethel St,Brunswick East,Moreland
30 Glenn Cr,Bundoora,Whittlesea
22 Moreton Cr,Bundoora,Banyule
1188 Plenty Rd,Bundoora,Banyule
22 Paringa Wy,Burnside,Melton
2 Howitt Pl,Burwood East,Whitehorse
78 Bowen St,Camberwell,Boroondara
3/25 Thomas St,Camberwell,Boroondara
521 Canning St,Carlton North,Yarra
24 Clifton St,Caulfield East,Glen Eira
4 Warren Rd,Cheltenham,Kingston
2/21 Oakes Av,Clayton South,Kingston
34 Fenwick St,Clifton Hill,Yarra
18 Davis St,Coburg,Moreland
38 Gordon St,Coburg,Moreland
87 Phillips St,Coburg,Moreland
60 Woiwurung Cr,Coburg,Moreland
5 Gould St,Coburg North,Moreland
3 Thorpdale Av,Coolaroo,Hume
30 Gateshead St,Craigieburn,Hume
34 Ruskin Av,Croydon,Maroondah
46 Vinter Av,Croydon,Maroondah
4 Merrill Cr,Croydon Hills,Maroondah
5 Tavistock Ct,Croydon Hills,Maroondah
4 Selby Ct,Croydon North,Maroondah
8 Echuca St,Dallas,Hume
18 Bulong St,Dandenong,Greater Dandenong
19 Ross St,Dandenong,Greater Dandenong
39 Galloway St,Dandenong North,Greater Dandenong
17 Wentworth Cl,Diamond Creek,Nillumbik
13 Wheatland Cr,Dingley Village,Kingston
7 Ambrose St,Doncaster,Manningham
13 Winbrook Ct,Doncaster,Manningham
11 Avocet St,Doncaster East,Manningham
69 Bowen Rd,Doncaster East,Manningham
50A Cassowary St,Doncaster East,Manningham
28 Highfield Rd,Doncaster East,Manningham
8 Rosamond Cr,Doncaster East,Manningham
4/8 Old Warrandyte Rd,Donvale,Manningham
6 Aria Ct,Doreen,Whittlesea
21 Kelway Cr,Eltham North,Nillumbik
1/4 Southey Ct,Elwood,Port Phillip
9 Bishop Pl,Epping,Whittlesea
4 Longwood Dr,Epping,Whittlesea
3/1 Cameron Rd,Essendon,Moonee Valley
24 Fletcher St,Essendon,Moonee Valley
104 Hoffmans Rd,Essendon,Moonee Valley
126 Market St,Essendon,Moonee Valley
89a Kerferd St,Essendon North,Moonee Valley
103 Arthur St,Fairfield,Darebin
5A Edward St,Fawkner,Moreland
2 Kya Cl,Ferntree Gully,Knox
130 Gore St,Fitzroy,Yarra
98 Canterbury St,Flemington,Moonee Valley
43 Waltham St,Flemington,Moonee Valley
20 Hocking St,Footscray,Maribyrnong
11 Heathcote Dr,Forest Hill,Whitehorse
4 Eton Ct,Frankston,Frankston
30 Petrie St,Frankston,Frankston
3 Diosma Ct,Frankston South,Frankston
30 Grange Rd,Frankston South,Frankston
7 Dalton Pl,Gladstone Park,Hume
3 Dava Ct,Gladstone Park,Hume
22 Koonalda Rd,Gladstone Park,Hume
14 Snaefell Cr,Gladstone Park,Hume
25A Beryl St,Glen Iris,Boroondara
24 Howard St,Glen Iris,Boroondara
1C Kardinia Rd,Glen Iris,Boroondara
17 Nerissa St,Glen Iris,Boroondara
42 Queens Pde,Glen Iris,Boroondara
15 Seaton St,Glen Iris,Boroondara
3/2 Victor Rd,Glen Iris,Boroondara
76 Callaghan Av,Glen Waverley,Monash
19 Diamond Av,Glen Waverley,Monash
19 Anselm Gr,Glenroy,Moreland
19 Cromwell St,Glenroy,Moreland
129 Glenroy Rd,Glenroy,Moreland
49 Hubert Av,Glenroy,Moreland
133 Morell St,Glenroy,Moreland
4/74 Rutherglen Cr,Gowanbrae,Moreland
34 Warralong Av,Greensborough,Banyule
35 Hermitage Dr,Greenvale,Hume
11 Bridge St,Hampton,Bayside
32 Retreat Rd,Hampton,Bayside
20 Teddington Rd,Hampton,Bayside
48 Turner Rd,Highett,Kingston
2 Jasmine Cl,Hoppers Crossing,Wyndham
30 Strang St,Hoppers Crossing,Wyndham
3 Worcester St,Huntingdale,Monash
2 Stewart Cl,Kealba,Brimbank
49 Roberts St,Keilor East,Moonee Valley
8 Bradford Av,Kew,Boroondara
57 Derby St,Kew,Boroondara
9 Tanner Av,Kew East,Boroondara
20 Dunbar Ct,Lalor,Whittlesea
123 Gillwell Rd,Lalor,Whittlesea
1 Nebel St,Lalor,Whittlesea
2/9 Havelock St,Maidstone,Maribyrnong
3 Carmelo Av,Malvern East,Stonnington
6 Adori Pl,Maribyrnong,Maribyrnong
31 Buchan St,Meadow Heights,Hume
9 Hibiscus Cl,Meadow Heights,Hume
1 Carina Dr,Melton,Melton
20 Perry Cl,Melton,Melton
30 Borrowdale Rd,Melton West,Melton
14 Glengala Ct,Mentone,Kingston
9 Glengala Ct,Mentone,Kingston
108 Oak Av,Mentone,Kingston
86 Waverley St,Moonee Ponds,Moonee Valley
38 Wilson St,Moonee Ponds,Moonee Valley
2 Marrbridge Rd,Moorabbin,Kingston
13 Montgomery St,Mordialloc,Kingston
12 Beverley Gr,Mount Waverley,Monash
3 Doull Ct,Mulgrave,Monash
63 Haverbrack Dr,Mulgrave,Monash
11 Collingwood Rd,Newport,Hobsons Bay
88 Maddox Rd,Newport,Hobsons Bay
40 Hotham Rd,Niddrie,Moonee Valley
60 Muriel St,Niddrie,Moonee Valley
36 Shaw St,Niddrie,Moonee Valley
181 Abbotsford St,North Melbourne,Melbourne
31 Cobden St,North Melbourne,Melbourne
60 Shiel St,North Melbourne,Melbourne
28 Plant St,Northcote,Darebin
3 Ford Av,Oakleigh,Monash
10 Talbot Av,Oakleigh South,Monash
26 Thompson St,Ormond,Glen Eira
2 Kershaw St,Parkdale,Kingston
8/410 Nepean Hwy,Parkdale,Kingston
3/43 Danin St,Pascoe Vale,Moreland
5/14 Devon Rd,Pascoe Vale,Moreland
52 Prospect St,Pascoe Vale,Moreland
33 Snell Gr,Pascoe Vale,Moreland
114 Fongeo Dr,Point Cook,Wyndham
711/101 Bay St,Port Melbourne,Port Phillip
333 Princes St,Port Melbourne,Port Phillip
297 Ross St,Port Melbourne,Port Phillip
13 Bowen St,Prahran,Stonnington
11 Asquith St,Reservoir,Darebin
1 Cameron St,Reservoir,Darebin
39 Crevelli St,Reservoir,Darebin
98 Crookston Rd,Reservoir,Darebin
21 Hughes Pde,Reservoir,Darebin
79 North Rd,Reservoir,Darebin
165 Spring St,Reservoir,Darebin
168 Mary St,Richmond,Yarra
5 Maidstone St,Ringwood,Maroondah
16 Sandover Dr,Roxburgh Park,Hume
23 Wheatley Av,Roxburgh Park,Hume
303 Park St,South Melbourne,Port Phillip
2/66 Walsh St,South Yarra,Melbourne
15 Maple St,Springvale,Greater Dandenong
25C MacKay St,Springvale South,Greater Dandenong
8 Ipswich St,St Albans,Brimbank
187 Mascoma St,Strathmore,Moonee Valley
20 Brett Ct,Sunbury,Hume
43 Lister Cr,Sunbury,Hume
35 Oxley St,Sunbury,Hume
25 Vaughan St,Sunbury,Hume
42 Cary St,Sunshine North,Brimbank
93 Cumberland St,Sunshine North,Brimbank
10 Mayne St,Sunshine West,Brimbank
6 Pukaki Ct,Taylors Lakes,Brimbank
316 Rossmoyne St,Thornbury,Darebin
19/337 Station St,Thornbury,Darebin
231 Melrose Dr,Tullamarine,Hume
21 Webb St,Warrandyte,Manningham
4 Albany Ct,Werribee,Wyndham
52 Parramatta Rd,Werribee,Wyndham
7 Thompson Ct,Werribee,Wyndham
37 Park Av,West Footscray,Maribyrnong
34 Miller St,West Melbourne,Melbourne
16 Belinda Cr,Wheelers Hill,Monash
3 Cotoneaster Ct,Wheelers Hill,Monash
17 Highwood Dr,Wheelers Hill,Monash
6 The Woodland,Wheelers Hill,Monash
48 Smith Av,Williamstown,Hobsons Bay
20 Atkinson Cl,Windsor,Stonnington
54 Sussex St,Yarraville,Maribyrnong
1A Aberfeldie St,Aberfeldie,Moonee Valley
34 Green St,Airport West,Moonee Valley
78 Hawker St,Airport West,Moonee Valley
1/2 Dubbo St,Albion,Brimbank
77A Fulham Rd,Alphington,Darebin
7/35 Grieve Pde,Altona,Hobsons Bay
18 Ascot St,Ascot Vale,Moonee Valley
1/37 Ascot Vale Rd,Ascot Vale,Moonee Valley
21 Ambon St,Ashburton,Boroondara
58 Station St,Aspendale,Kingston
13 Bianca Dr,Aspendale Gardens,Kingston
2 Herod Pl,Attwood,Hume
7 Relowe Cr,Balwyn,Boroondara
286 Balwyn Rd,Balwyn North,Boroondara
2 Lynne Ct,Balwyn North,Boroondara
8 Kite Av,Bayswater North,Maroondah
4 High St,Beaumaris,Bayside
7 McNamara St,Beaumaris,Bayside
17 Ardwick St,Bentleigh,Glen Eira
192 Tucker Rd,Bentleigh,Glen Eira
1 Hornby St,Black Rock,Bayside
18 Iluka St,Black Rock,Bayside
2 Goodwin St,Blackburn,Whitehorse
51 Joseph St,Blackburn North,Whitehorse
9 Middleton St,Braybrook,Maribyrnong
29 Dunn St,Broadmeadows,Hume
55 Stanhope St,Broadmeadows,Hume
378 Albion St,Brunswick West,Moreland
47 Everett St,Brunswick West,Moreland
13 Zeal St,Brunswick West,Moreland
41 Estelle St,Bulleen,Manningham
36 Ormond Bvd,Bundoora,Whittlesea
15 Wattlebird Ct,Burwood,Whitehorse
17 McGregor St,Canterbury,Boroondara
87 Palmerston St,Carlton,Melbourne
81 Princes St,Carlton,Melbourne
782 Lygon St,Carlton North,Yarra
125 Newry St,Carlton North,Yarra
2 Barclay Dr,Cheltenham,Kingston
12 Bond St,Clayton South,Kingston
15 Byron St,Clayton South,Kingston
695 Heatherton Rd,Clayton South,Kingston
8 Narrumburn Rd,Clayton South,Kingston
21 Gordon St,Clifton Hill,Yarra
41 Glengyle St,Coburg,Moreland
26/125 Oxford St,Collingwood,Yarra
11 Abercarn Av,Craigieburn,Hume
22 Cubitt St,Cremorne,Yarra
37 Lee St,Deer Park,Brimbank
7 Bateman Cl,Derrimut,Brimbank
2 Bishop Av,Diamond Creek,Nillumbik
1A Shelford Gr,Dingley Village,Kingston
6 Margot Av,Doncaster,Manningham
4 Tudor Rd,Doncaster,Manningham
41 Highfield Rd,Doncaster East,Manningham
10 Leura St,Doncaster East,Manningham
2 Raven St,Doncaster East,Manningham
345 Serpells Rd,Doncaster East,Manningham
1a Chippewa Av,Donvale,Manningham
8 Bower Wy,Doreen,Whittlesea
15 Marian Ct,Eltham North,Nillumbik
9 Mason Av,Elwood,Port Phillip
23 Moore St,Elwood,Port Phillip
7/12 Kirkland Ct,Epping,Whittlesea
11 Northumberland Dr,Epping,Whittlesea
10/81 Rufus St,Epping,Whittlesea
24 Greenaway Dr,Ferntree Gully,Knox
4 Parklands Cl,Ferntree Gully,Knox
101 Kerr St,Fitzroy,Yarra
127 Princes St,Flemington,Moonee Valley
37 Waltham St,Flemington,Moonee Valley
27 Summerhill Rd,Footscray,Maribyrnong
7 Orrong Av,Frankston,Frankston
24 Sycamore Rd,Frankston South,Frankston
15 Morilla Ct,Gisborne,Macedon Ranges
204 Panorama Dr,Gisborne,Macedon Ranges
8 Conifer Cl,Gladstone Park,Hume
7 Dudley Ct,Gladstone Park,Hume
38 Allison Av,Glen Iris,Boroondara
6 Audrey Cr,Glen Iris,Boroondara
10 Howard St,Glen Iris,Boroondara
1/16 Osborne Av,Glen Iris,Stonnington
16 Clematis St,Glen Waverley,Monash
9 Dorset St,Glen Waverley,Monash
31 Hampstead Cr,Glen Waverley,Monash
94 Herriotts Bvd,Glen Waverley,Monash
6 Melrose Ct,Glen Waverley,Monash
1 Granville St,Glenroy,Moreland
56 Maude Av,Glenroy,Moreland
39 Scotland Av,Greensborough,Banyule
6 Epping St,Hadfield,Moreland
14 Kanowna St,Hampton,Bayside
1B Simpson Pl,Hawthorn,Boroondara
2 Homebush Cr,Hawthorn East,Boroondara
4 Invermay Gr,Hawthorn East,Boroondara
5 Marden Pl,Heathmont,Maroondah
19 Portsmouth St,Heathmont,Maroondah
25 Westmore Dr,Heathmont,Maroondah
42 Swanston St,Heidelberg Heights,Banyule
14 Ashwood Av,Highett,Bayside
35 Bedingham Dr,Hillside,Melton
22 Claremont Cr,Hoppers Crossing,Wyndham
3 Milton Wy,Hurstbridge,Nillumbik
46 McArthur Rd,Ivanhoe East,Banyule
10 Melville Cl,Keilor,Brimbank
2 Ajax Cl,Keilor Downs,Brimbank
20 College Pde,Keilor East,Moonee Valley
11 David Av,Keilor East,Moonee Valley
17 Nyah St,Keilor East,Moonee Valley
14 Paul Av,Keilor East,Moonee Valley
61 Truro Cr,Keilor Lodge,Brimbank
118 Derby St,Kew,Boroondara
38 Bennett Pde,Kew East,Boroondara
11 Coleman Av,Kew East,Boroondara
29 Elm Gr,Kew East,Boroondara
62 Kilby Rd,Kew East,Boroondara
7 Albion St,Kingsville,Maribyrnong
165 Chirnside St,Kingsville,Maribyrnong
28 Duncan Rd,Lalor,Whittlesea
26 Newton Cr,Lalor,Whittlesea
19 Howard St,Maidstone,Maribyrnong
57 Edsall St,Malvern,Stonnington
18 Vickery St,Malvern East,Stonnington
343 Waverley Rd,Malvern East,Stonnington
13 Manna Ct,Meadow Heights,Hume
71 Hume Av,Melton South,Melton
14A Teague Av,Mentone,Kingston
13 Leonardo Dr,Mernda,Whittlesea
136 Page St,Middle Park,Port Phillip
253 Richardson St,Middle Park,Port Phillip
34 Border Dr,Mill Park,Whittlesea
3 Rosehill Ct,Mill Park,Whittlesea
53 Dunlavin Rd,Mitcham,Whitehorse
15 Tirana St,Mitcham,Whitehorse
1/12 Hotham St,Mont Albert,Whitehorse
13 Hudson St,Moonee Ponds,Moonee Valley
11 Murray St,Moonee Ponds,Moonee Valley
327 Hull Rd,Mooroolbark,Yarra Ranges
6 Caper Ct,Mulgrave,Monash
337 Murrumbeena Rd,Murrumbeena,Glen Eira
26 Mirls St,Newport,Hobsons Bay
211A Woods St,Newport,Hobsons Bay
63 Nolan St,Niddrie,Moonee Valley
39 Valias St,North Warrandyte,Nillumbik
13 Thomson St,Northcote,Darebin
36 Winifred St,Northcote,Darebin
9 Young St,Oakleigh,Monash
24 Columbia St,Oakleigh South,Kingston
672 North Rd,Ormond,Glen Eira
5 Alameda St,Parkdale,Kingston
1 Robert St,Parkdale,Kingston
10 Ray St,Pascoe Vale,Moreland
32 Page Av,Port Melbourne,Port Phillip
1 Princes Pl,Port Melbourne,Port Phillip
346 Princes St,Port Melbourne,Port Phillip
6 Gooch St,Prahran,Stonnington
22 Irving Av,Prahran,Stonnington
69 Jensen Rd,Preston,Darebin
24 Regent St,Preston,Darebin
34 Elsey Rd,Reservoir,Darebin
753 Gilbert Rd,Reservoir,Darebin
55 Keon Pde,Reservoir,Darebin
27 Ramleh Rd,Reservoir,Darebin
69 Buckingham St,Richmond,Yarra
50 Farmer St,Richmond,Yarra
36/73 River St,Richmond,Yarra
25 Georges Rd,Ringwood,Maroondah
8 Ian Av,Ringwood East,Maroondah
32 Heron Ct,Ringwood North,Maroondah
11 Greville Rd,Rosanna,Banyule
18 Colchester Cct,Roxburgh Park,Hume
50 Bamfield St,Sandringham,Bayside
121 Sandringham Rd,Sandringham,Bayside
2 Trentham St,Sandringham,Bayside
1 Victory St,Sandringham,Bayside
6 Manyung Ct,Seaford,Frankston
206 Montague St,South Melbourne,Port Phillip
54 Palmerston Cr,South Melbourne,Port Phillip
349 Park St,South Melbourne,Port Phillip
40 Smith St,South Melbourne,Port Phillip
14 The Avenue,South Morang,Whittlesea
2 Hopetoun Gr,South Yarra,Stonnington
67 Wilson St,South Yarra,Stonnington
3 Kemp Pl,Sunbury,Hume
39 Mitchells La,Sunbury,Hume
11 Perceval St,Sunbury,Hume
32 Cumberland St,Sunshine North,Brimbank
57 Guildford Rd,Surrey Hills,Boroondara
34 Marcus Rd,Templestowe Lower,Manningham
274 Station St,Thomastown,Whittlesea
1 Newlands Ct,Wantirna,Knox
127 Fraser Cr,Wantirna South,Knox
22 Broadwater Dr,Waterways,Kingston
45 High St,Werribee,Wyndham
1 Scott St,Werribee,Wyndham
12 Walpa Ct,Westmeadows,Hume
40 Queen St,Williamstown,Hobsons Bay
2/157 Peel St,Windsor,Stonnington
74 Lehmanns Rd,Wollert,Whittlesea
18 Wigan Cl,Wollert,Whittlesea
28 Cranbrook St,Yarraville,Maribyrnong
279 Hyde St,Yarraville,Maribyrnong
96 Pentland Pde,Yarraville,Maribyrnong
13 Valencia St,Aberfeldie,Moonee Valley
121 Richardson St,Albert Park,Port Phillip
6 Myrtle Gr,Altona,Hobsons Bay
27 Beuron Rd,Altona North,Hobsons Bay
4 Seventh Av,Altona North,Hobsons Bay
20 Kooyong Rd,Armadale,Stonnington
45 Northcote Rd,Armadale,Stonnington
69 Gloucester Rd,Ashburton,Boroondara
85 Nepean Hwy,Aspendale,Kingston
14 Chris Ct,Aspendale Gardens,Kingston
1/75 Canning St,Avondale Heights,Moonee Valley
23 Nungerner St,Balwyn,Boroondara
1 Page St,Balwyn North,Boroondara
3/38 Severn St,Balwyn North,Boroondara
19 Bolton St,Beaumaris,Bayside
7 Haydens Rd,Beaumaris,Bayside
4 Clairmont Av,Bentleigh,Glen Eira
7 Lockwood St,Bentleigh,Glen Eira
794 North Rd,Bentleigh East,Glen Eira
21 Yaralla Rd,Bentleigh East,Glen Eira
2 Furness St,Blackburn,Whitehorse
27 Gerald St,Blackburn,Whitehorse
352 Middleborough Rd,Blackburn,Whitehorse
152 Middleborough Rd,Blackburn South,Whitehorse
16B Newberry Av,Bonbeach,Kingston
40 Allanfield Cr,Boronia,Knox
45 Rose St,Box Hill,Whitehorse
35 Shepherd St,Braybrook,Maribyrnong
1 Airlie St,Brighton,Bayside
1 Leonie Ct,Brighton,Bayside
7 Oak Gr,Brighton,Bayside
176 Albert St,Brunswick,Moreland
4/135 Brunswick Rd,Brunswick,Moreland
5 McPherson St,Brunswick,Moreland
4/831 Park St,Brunswick,Moreland
8 Hamer St,Brunswick East,Moreland
33 Holmes St,Brunswick East,Moreland
21 Millicent Av,Bulleen,Manningham
54 Linacre Dr,Bundoora,Whittlesea
1 Oxford Dr,Bundoora,Banyule
9 Glengarry Av,Burwood,Whitehorse
12 Patterson Av,Burwood,Whitehorse
6 Medhurst St,Burwood East,Whitehorse
19 Davis Av,Camberwell,Boroondara
31 Kasouka Rd,Camberwell,Boroondara
9 Lofty Av,Camberwell,Boroondara
61 Belsize Av,Carnegie,Glen Eira
67 Belsize Av,Carnegie,Glen Eira
25 Byron St,Carnegie,Glen Eira
121 Leila Rd,Carnegie,Glen Eira
22A Mernda Av,Carnegie,Glen Eira
40 Brumbys Rd,Carrum Downs,Frankston
60 Carrington Cr,Carrum Downs,Frankston
33 Baxter Av,Chelsea,Kingston
54 Benkel Av,Cheltenham,Kingston
28 Elliott St,Cheltenham,Kingston
38 Fairview Av,Cheltenham,Kingston
39 Farm Rd,Cheltenham,Kingston
45 Voltri St,Cheltenham,Kingston
22 Burton Av,Clayton,Monash
1/76 Scotsburn Av,Clayton,Monash
51 Ester Cr,Clayton South,Kingston
60 Alexandra Pde,Clifton Hill,Yarra
5 Noone St,Clifton Hill,Yarra
7 Kewarren Ct,Coburg,Moreland
9A Methven St,Coburg,Moreland
9 Ryland St,Coburg North,Moreland
54 Mater St,Collingwood,Yarra
382A Smith St,Collingwood,Yarra
2 Ravenwoods Wy,Craigieburn,Hume
14 Venetian Ct,Croydon,Maroondah
60 First Av,Dandenong North,Greater Dandenong
1 Hovell St,Deer Park,Brimbank
32 Fernhill Dr,Dingley Village,Kingston
4/30 Fromhold Dr,Doncaster,Manningham
5 Ryder Ct,Doncaster East,Manningham
5 Hakea St,Doveton,Casey
8 Peppermint St,Doveton,Casey
2 Andrews St,Eltham,Nillumbik
119 Dalton St,Eltham,Nillumbik
11 Thornton St,Eltham,Nillumbik
11 Joyce St,Elwood,Port Phillip
10 Hastings Ct,Epping,Whittlesea
20 Orlit Ct,Epping,Whittlesea
3/157 Deakin St,Essendon,Moonee Valley
50 Ogilvie St,Essendon,Moonee Valley
25 Prince St,Essendon North,Moonee Valley
44 Separation St,Fairfield,Darebin
7 Separation St,Fairfield,Darebin
15 Dorothy St,Fawkner,Moreland
34 Stanford Cl,Fawkner,Moreland
90 Bennett St,Fitzroy North,Yarra
41 Parkmore Rd,Forest Hill,Whitehorse
5 Miranda Pl,Frankston,Frankston
49 Fleetwood Cr,Frankston South,Frankston
13 Leslie St,Frankston South,Frankston
7 Wyralla Cr,Gisborne,Macedon Ranges
5 Gatis St,Glen Iris,Boroondara
1A Rosemary Gr,Glen Iris,Boroondara
111 Tooronga Rd,Glen Iris,Stonnington
31 Chapman Bvd,Glen Waverley,Monash
45 Kennedy St,Glen Waverley,Monash
50 Madigan Dr,Glen Waverley,Monash
76 Daley St,Glenroy,Moreland
34 Crana Gr,Greensborough,Nillumbik
6 Murumba St,Greensborough,Banyule
24 Posy St,Greenvale,Hume
39 Alexander St,Hallam,Casey
4 Bolton Av,Hampton,Bayside
16 Conifer St,Hampton,Bayside
41 Grout St,Hampton,Bayside
15 May St,Hampton,Bayside
102 Willis St,Hampton,Bayside
11 Keiller St,Hampton East,Bayside
32 Lonsdale Av,Hampton East,Bayside
357 Auburn Rd,Hawthorn,Boroondara
25 William St,Hawthorn,Boroondara
122 Altona St,Heidelberg West,Banyule
110 Allenby Rd,Hillside,Melton
3 Dryburgh Pl,Hillside,Melton
13 Doynton Pde,Hoppers Crossing,Wyndham
9 Matthew Cl,Hoppers Crossing,Wyndham
17 McCormack Cr,Hoppers Crossing,Wyndham
17 Emu Pde,Jacana,Hume
6 Riverside Av,Keilor,Brimbank
16 Ash Gr,Keilor East,Moonee Valley
11 Wunnamurra Dr,Keilor East,Moonee Valley
14 Atkins St,Kew,Boroondara
2/17 Marshall Av,Kew,Boroondara
130 Sackville St,Kew,Boroondara
115 Belford Rd,Kew East,Boroondara
50 Windella Av,Kew East,Boroondara
5 Woodlands Av,Kew East,Boroondara
22 Woolcock Av,Kew East,Boroondara
70 Chirnside St,Kingsville,Maribyrnong
5 Wales St,Kingsville,Maribyrnong
2 Blackwood St,Lalor,Whittlesea
6 Everest Ct,Lalor,Whittlesea
32 Milton Pde,Malvern,Stonnington
27 Wheatland Rd,Malvern,Stonnington
25 Darebin Ct,Meadow Heights,Hume
1/131 Balcombe Rd,Mentone,Kingston
11 Broome Av,Mentone,Kingston
21 Chicquita Cct,Mentone,Kingston
2/33 Allwyn Cr,Mill Park,Whittlesea
68 Heritage Dr,Mill Park,Whittlesea
20 Mayfield Dr,Mill Park,Whittlesea
36/292 McKimmies Rd,Mill Park,Whittlesea
9 Taree Pl,Mill Park,Whittlesea
9 Valadero Ct,Mill Park,Whittlesea
55 Burnett St,Mitcham,Whitehorse
46 Churinga Av,Mitcham,Whitehorse
13 Willow Av,Mitcham,Whitehorse
1/11 Rowland St,Mont Albert,Whitehorse
85 Victoria Cr,Mont Albert,Whitehorse
21 Sackville St,Montmorency,Banyule
48 Vine St,Moonee Ponds,Moonee Valley
113 Wilson St,Moonee Ponds,Moonee Valley
2/165 Wickham Rd,Moorabbin,Kingston
5 Reys Cl,Mordialloc,Kingston
37 Illuka Cr,Mount Waverley,Monash
15 Lynden Gr,Mount Waverley,Monash
11 Pamela St,Mount Waverley,Monash
37 Pascall St,Mount Waverley,Monash
76 Hansworth St,Mulgrave,Monash
12 Orion Ct,Mulgrave,Monash
1 Sneddon Ct,Mulgrave,Monash
12 Emily Dr,Narre Warren,Casey
70 Anderson St,Newport,Hobsons Bay
8 Brown St,Newport,Hobsons Bay
21 Haldane Rd,Niddrie,Moonee Valley
8 Aberdeen Gr,Northcote,Darebin
92 Beavers Rd,Northcote,Darebin
217 Westgarth St,Northcote,Darebin
107 New Rd,Oak Park,Moreland
242 Waterloo Rd,Oak Park,Moreland
19 Luntar Rd,Oakleigh South,Kingston
29 Evan St,Parkdale,Kingston
25 Rhodes Pde,Pascoe Vale,Moreland
13 Yorkshire St,Pascoe Vale,Moreland
18 Creswick Dr,Point Cook,Wyndham
38 Yuruga Bvd,Point Cook,Wyndham
50 McCormack St,Port Melbourne,Port Phillip
84 Ross St,Port Melbourne,Port Phillip
62 Donald St,Prahran,Stonnington
19 Porter St,Prahran,Stonnington
73 Pridham St,Prahran,Stonnington
23 Lyonsville Av,Preston,Darebin
106 Malpas St,Preston,Darebin
112 McIlwraith St,Princes Hill,Yarra
119 Boldrewood Pde,Reservoir,Darebin
75 Botha Av,Reservoir,Darebin
9 Delaware St,Reservoir,Darebin
7 Loddon Av,Reservoir,Darebin
4/27 McMahon Rd,Reservoir,Darebin
76 North Rd,Reservoir,Darebin
37 Spencer Pl,Richmond,Yarra
29 Type St,Richmond,Yarra
5 Bigola St,Ringwood,Maroondah
33 Nelson St,Ringwood,Maroondah
14 Norfolk Av,Ringwood,Maroondah
4 Short St,Ringwood East,Maroondah
5 Unsworth Rd,Ringwood North,Maroondah
4 Devlin Ct,Rosanna,Banyule
28 Millicent St,Rosanna,Banyule
21 Orion Wy,Roxburgh Park,Hume
7 Duff St,Sandringham,Bayside
6 Jennings St,Sandringham,Bayside
9 Armin St,Scoresby,Knox
145 George St,Scoresby,Knox
250 Ferrars St,South Melbourne,Port Phillip
16 Margaret St,South Yarra,Stonnington
731 Princes Hwy,Springvale,Greater Dandenong
26 Carnarvon Rd,Strathmore,Moonee Valley
26 Briarwood Ct,Sunbury,Hume
60 Riddell Rd,Sunbury,Hume
1 Whitty La,Sunbury,Hume
5 Barnett St,Sunshine,Brimbank
117 Berkshire Rd,Sunshine North,Brimbank
6 Melton Av,Sunshine North,Brimbank
2/98 Durham Rd,Surrey Hills,Boroondara
29 Essex Rd,Surrey Hills,Boroondara
10 Pembroke St,Surrey Hills,Whitehorse
36 Newmans Rd,Templestowe,Manningham
15 Alison St,Thomastown,Whittlesea
89 Cedar St,Thomastown,Whittlesea
4 Charlton Pl,Thomastown,Whittlesea
119A Harold St,Thornbury,Darebin
108 Normanby Av,Thornbury,Darebin
13 Kyeamba Gr,Toorak,Stonnington
1 Marina St,Vermont,Whitehorse
2 Country La,Viewbank,Banyule
14 Danaher Av,Wallan,Mitchell
78 Raheen Av,Wantirna,Knox
12 McLean Ct,Wantirna South,Knox
20 Mingana Rd,Wantirna South,Knox
12 Manfred St,Watsonia,Banyule
306 Grimshaw St,Watsonia North,Banyule
81 Parramatta Rd,Werribee,Wyndham
1/4 Tedesco Ct,Werribee,Wyndham
94 Wattle Av,Werribee,Wyndham
127 Stanhope St,West Footscray,Maribyrnong
199 Hawke St,West Melbourne,Melbourne
65 Cootamundra Dr,Wheelers Hill,Monash
7 Meadowbrook Dr,Wheelers Hill,Monash
22 Bushlark Cr,Williams Landing,Wyndham
52a Florence St,Williamstown North,Hobsons Bay
5 Gladstone St,Windsor,Stonnington
73 Lewisham Rd,Windsor,Stonnington
14 McIlwrick St,Windsor,Stonnington
23 Gray St,Yarraville,Maribyrnong
9 Hawkhurst St,Yarraville,Maribyrnong
67 Stafford St,Abbotsford,Yarra
35 Angelique Gr,Albanvale,Brimbank
123 Richardson St,Albert Park,Port Phillip
83 Seventh Av,Altona North,Hobsons Bay
721 Ballarat Rd,Ardeer,Brimbank
18A New St,Armadale,Stonnington
28 New St,Armadale,Stonnington
21 Warner Av,Ashburton,Boroondara
33 Douglas St,Ashwood,Monash
6 Foam St,Aspendale,Kingston
15 Grey St,Balwyn,Boroondara
17 Percy St,Balwyn,Boroondara
6 Yandilla St,Balwyn,Boroondara
137 Doncaster Rd,Balwyn North,Boroondara
58 Fortuna Av,Balwyn North,Boroondara
15 Highbury St,Balwyn North,Boroondara
8 Hillview Rd,Balwyn North,Boroondara
11 Minerva Av,Balwyn North,Boroondara
40 Reading Av,Balwyn North,Boroondara
16 Riverview Rd,Balwyn North,Boroondara
210 Centre Rd,Bentleigh,Glen Eira
17 Gowrie St,Bentleigh East,Glen Eira
77A Orange St,Bentleigh East,Glen Eira
1/87 Orange St,Bentleigh East,Glen Eira
41 Shrewsbury St,Bentleigh East,Glen Eira
2A Kerr St,Blackburn,Whitehorse
22 Greenglade Ct,Blackburn North,Whitehorse
4/129 Mountain View Rd,Briar Hill,Banyule
6 Harwood St,Brighton,Bayside
2A Hillcrest Av,Brighton,Bayside
34 Moffat St,Brighton,Bayside
11A Taylor St,Brighton East,Bayside
48 Electric St,Broadmeadows,Hume
46 Meredith St,Broadmeadows,Hume
37 Dunstan Ave,Brunswick,Moreland
7/226 Glenlyon Rd,Brunswick East,Moreland
5 Amberley Ct,Bulleen,Manningham
3 England St,Bulleen,Manningham
567 Grimshaw St,Bundoora,Banyule
8 Murray Dr,Burwood,Whitehorse
61 Newhaven Rd,Burwood East,Whitehorse
2 Augusta Av,Campbellfield,Hume
34 Maysia St,Canterbury,Boroondara
242 Canning St,Carlton North,Yarra
24 Highbury Cl,Caroline Springs,Melton
37 Saturn St,Caulfield South,Glen Eira
3 Third Av,Chelsea Heights,Kingston
2/41 Harpley St,Cheltenham,Kingston
6 Shadwell St,Cheltenham,Kingston
13 Dyer Ct,Clarinda,Kingston
6 Rosewall Pl,Clarinda,Kingston
36 Rutland St,Clifton Hill,Yarra
269 Bell St,Coburg,Moreland
4 Jamieson St,Coburg,Moreland
13 Jessie St,Coburg,Moreland
87 Nicholson St,Coburg,Moreland
5 Brookedge Ct,Craigieburn,Hume
7 Eve Ct,Craigieburn,Hume
13 Eveline St,Craigieburn,Hume
73 Mareeba Wy,Craigieburn,Hume
3 Pembury St,Craigieburn,Hume
27 Vantage Bvd,Craigieburn,Hume
32 Viewside Cr,Craigieburn,Hume
25 Toorak Av,Croydon,Maroondah
29 Kilmore Cr,Dallas,Hume
4 Blackley Ct,Deer Park,Brimbank
12 Campbell Gr,Dingley Village,Kingston
11 Evelyn Ct,Dingley Village,Kingston
93 Church Rd,Doncaster,Manningham
70 Wetherby Rd,Doncaster,Manningham
80 Gedye St,Doncaster East,Manningham
40 Saxonwood Dr,Doncaster East,Manningham
416 Serpells Tce,Donvale,Manningham
2/9 Standring Cl,Donvale,Manningham
36 Silverdale Rd,Eaglemont,Banyule
115 Ella Gr,Edithvale,Kingston
8 Prentice St,Elsternwick,Glen Eira
30 Shoobra Rd,Elsternwick,Glen Eira
5 Thomas St,Eltham,Nillumbik
3 Michael Ct,Eltham North,Nillumbik
4/130 Tennyson St,Elwood,Port Phillip
28 Supply Dr,Epping,Whittlesea
16 Woodfull Wy,Epping,Whittlesea
83 Nimmo St,Essendon,Moonee Valley
151 Perry St,Fairfield,Darebin
68 Queens Pde,Fawkner,Moreland
93 Burke Rd,Ferntree Gully,Knox
3 Kirby Ct,Ferntree Gully,Knox
4/118 Rose St,Fitzroy,Yarra
124 Victoria St,Fitzroy,Yarra
80 Dover St,Flemington,Moonee Valley
28 Central Av,Footscray,Maribyrnong
84 MacPherson St,Footscray,Maribyrnong
24 Gretana Cr,Frankston,Frankston
10 Helvetia Ct,Frankston,Frankston
6 Bardolph St,Glen Iris,Boroondara
72 Bath Rd,Glen Iris,Boroondara
4 Faircroft Av,Glen Iris,Boroondara
1A York Rd,Glen Iris,Stonnington
22 Campbell St,Glen Waverley,Monash
2 Cherry St,Glen Waverley,Monash
16 Cooper Av,Glen Waverley,Monash
31 Paxton Dr,Glen Waverley,Monash
480 Springvale Rd,Glen Waverley,Monash
8A Finchley Av,Glenroy,Moreland
25 Hilda St,Glenroy,Moreland
78 Justin Av,Glenroy,Moreland
85 Marigold Cr,Gowanbrae,Moreland
39 Crisp St,Hampton,Bayside
28 Bell St,Hawthorn,Boroondara
41 Roseberry St,Hawthorn East,Boroondara
21 Balfour Av,Heathmont,Maroondah
4 Lee Ct,Heathmont,Maroondah
13 Tennyson St,Highett,Kingston
34 Tennyson St,Highett,Kingston
13 Train St,Highett,Bayside
25 Castlewellan Bvd,Hillside,Melton
3 Silvana Wy,Hillside,Brimbank
22 Roseland Cr,Hoppers Crossing,Wyndham
29 Hendricks Cr,Jacana,Hume
31 Chappell Pl,Keilor East,Moonee Valley
4 Limestone Av,Keilor East,Moonee Valley
41 Patricia St,Keilor East,Moonee Valley
15 Shelley St,Keilor East,Moonee Valley
9A The Crossway,Keilor East,Moonee Valley
89 Stockmans Wy,Kensington,Melbourne
30 Stirling St,Kew,Boroondara
37 Wellington St,Kew,Boroondara
108 Willsmere Rd,Kew,Boroondara
13 Ramsay Av,Kew East,Boroondara
47 Churchill Wy,Kilsyth,Maroondah
16 Regina St,Kilsyth,Yarra Ranges
11 Delmare St,Lalor,Whittlesea
46 Karma Av,Malvern East,Stonnington
49 Tennyson St,Malvern East,Stonnington
57 River St,Maribyrnong,Maribyrnong
124 Wheatley Rd,McKinnon,Glen Eira
18 Brennan St,Melton South,Melton
2/20 Albenca St,Mentone,Kingston
16 Etherington Dr,Mernda,Whittlesea
5 Haig St,Mernda,Whittlesea
38A Carroll Cr,Mill Park,Whittlesea
2/50 Coventry St,Montmorency,Banyule
4 Longview Rd,Mount Evelyn,Yarra Ranges
7 Huntingtower Cr,Mount Waverley,Monash
10 Rhonda St,Mount Waverley,Monash
59A Nolan St,Niddrie,Moonee Valley
9 Patterson St,Nunawading,Whitehorse
41 Colin Rd,Oakleigh South,Monash
347 Koornang Rd,Ormond,Glen Eira
55 Alpine Gr,Pascoe Vale,Moreland
3/136 Derby St,Pascoe Vale,Moreland
360 Howe Pde,Port Melbourne,Port Phillip
6 Aberdeen Rd,Prahran,Stonnington
15 Albert St,Preston,Darebin
11 Jackman St,Preston,Darebin
20 Barton St,Reservoir,Darebin
49 Liston Av,Reservoir,Darebin
19 Lucille Av,Reservoir,Darebin
25 Ramleh Rd,Reservoir,Darebin
21 Rossiter Av,Roxburgh Park,Hume
16 Mountain St,South Melbourne,Port Phillip
3 McArthurs Rd,South Morang,Whittlesea
2A Albion St,South Yarra,Stonnington
22 Cullen St,Spotswood,Hobsons Bay
4 Lindy Ct,Springvale South,Greater Dandenong
29 Gillespie Rd,St Albans,Brimbank
7 Caravelle Cr,Strathmore Heights,Moonee Valley
17 Curtin Dr,Sunbury,Hume
1 Plante Ct,Sunbury,Hume
19A Park Dr,Sunshine North,Brimbank
3 Arnold St,Sunshine West,Brimbank
1 Oak St,Surrey Hills,Whitehorse
53 Park Rd,Surrey Hills,Whitehorse
45 Templemore Dr,Templestowe,Manningham
3 Artemis Ct,Templestowe Lower,Manningham
27 Gooch St,Thornbury,Darebin
7 Canary Cl,Truganina,Wyndham
84 Centre Rd,Vermont,Whitehorse
48 Coonawarra Dr,Vermont South,Whitehorse
10 Shearers Ct,Vermont South,Whitehorse
104 Weeden Dr,Vermont South,Whitehorse
11 Jedem Cl,Viewbank,Banyule
6 Priscilla Ct,Wantirna,Knox
79 Somes St,Wantirna South,Knox
3 Speers Ct,Warrandyte,Manningham
3 Leafield St,Watsonia,Banyule
29 Briardale Dr,Werribee,Wyndham
31 Hooker Rd,Werribee,Wyndham
27 Busch St,West Footscray,Maribyrnong
11 Church St,West Footscray,Maribyrnong
24 Oxford St,West Footscray,Maribyrnong
28 Tucker St,West Footscray,Maribyrnong
12 Erskine Cr,Wheelers Hill,Monash
99 Grandview Rd,Wheelers Hill,Monash
2 Rodney Cl,Wheelers Hill,Monash
4 Tyrone Ct,Wheelers Hill,Monash
54 Victoria St,Williamstown,Hobsons Bay
11 Chisholm Pl,Wyndham Vale,Wyndham
39 Fahey Cr,Yallambie,Banyule
10 Caroline St,Aberfeldie,Moonee Valley
33 Bedford St,Airport West,Moonee Valley
16 Highridge Cr,Airport West,Moonee Valley
5 Hedgerow Ct,Albanvale,Brimbank
59 Moubray St,Albert Park,Port Phillip
41 Adelaide St,Albion,Brimbank
52 Spicer Bvd,Altona Meadows,Hobsons Bay
35 Mahon Av,Altona North,Hobsons Bay
105 Third Av,Altona North,Hobsons Bay
9 Bailey Av,Armadale,Stonnington
22 Gladstone Av,Armadale,Stonnington
13 Brisbane St,Ascot Vale,Moonee Valley
3A Crete Av,Ashburton,Boroondara
20 Eleanor St,Ashburton,Boroondara
12 Belmore Rd,Balwyn,Boroondara
85 Clifton St,Balwyn North,Boroondara
85 Begonia Av,Bayswater,Knox
4 David Cl,Bayswater North,Maroondah
8 Skye Ct,Bayswater North,Maroondah
9A Comas Rd,Beaumaris,Bayside
3 Bendigo Av,Bentleigh,Glen Eira
14 Delhi St,Bentleigh,Glen Eira
316 Chesterville Rd,Bentleigh East,Glen Eira
9 Vine Ct,Bentleigh East,Glen Eira
13 Ridge Rd,Berwick,Casey
3/3 First St,Black Rock,Bayside
3/33 Glen Ebor Av,Blackburn,Whitehorse
31 Primula St,Blackburn North,Whitehorse
101 Shafer Rd,Blackburn North,Whitehorse
144 Middleborough Rd,Blackburn South,Whitehorse
37 Mernda Av,Bonbeach,Kingston
2/8 Simpsons Rd,Box Hill,Whitehorse
86 Glencairn Av,Brighton East,Bayside
12 Merricks St,Broadmeadows,Hume
1 Brack Av,Brooklyn,Hobsons Bay
281 Albion St,Brunswick,Moreland
232 Brunswick Rd,Brunswick,Moreland
146 Donald St,Brunswick,Moreland
15 Eveline St,Brunswick,Moreland
43 Mitchell St,Brunswick,Moreland
22 Stanley St,Brunswick,Moreland
20 Glenmorgan St,Brunswick East,Moreland
2/162 Lygon St,Brunswick East,Moreland
30 Cornwall St,Brunswick West,Moreland
3 Temple St,Brunswick West,Moreland
12 Ralph St,Bulleen,Manningham
12 Rocklea Rd,Bulleen,Manningham
219 Greenwood Dr,Bundoora,Banyule
16 Stanthorp St,Burnside Heights,Melton
3 Sugarloaf Cl,Burwood East,Whitehorse
15 Tyne St,Camberwell,Boroondara
3 Wiringa Av,Camberwell,Boroondara
52 Tranmere Av,Carnegie,Glen Eira
12/40 Woorayl St,Carnegie,Glen Eira
3 Salford La,Caroline Springs,Melton
5 Alice St,Cheltenham,Kingston
139 Park Rd,Cheltenham,Bayside
53 Primrose Av,Cheltenham,Kingston
72 Wilson St,Cheltenham,Kingston
53 Wingrove St,Cheltenham,Kingston
4 Wannan Ct,Clayton South,Kingston
13 Shackell St,Coburg,Moreland
17 Sutherland St,Coburg,Moreland
5 Blackbird Tce,Craigieburn,Hume
111 Hanson Rd,Craigieburn,Hume
9 Huntingfield St,Craigieburn,Hume
328 Waterview Bvd,Craigieburn,Hume
11 Aminga Ct,Croydon,Maroondah
6 Webster Av,Croydon,Maroondah
1 Christie St,Deer Park,Brimbank
4 Adina Pl,Delahey,Brimbank
7 Shale Ct,Delahey,Brimbank
1 Sinclair Grn,Derrimut,Brimbank
37 Brownlow Dr,Diamond Creek,Nillumbik
104 Ayr St,Doncaster,Manningham
21 Gaudion Rd,Doncaster East,Manningham
8 Rowallan Ct,Doncaster East,Manningham
128 Mitcham Rd,Donvale,Manningham
11 Rove La,Doreen,Whittlesea
77 Fraser Av,Edithvale,Kingston
107 Kinross Av,Edithvale,Kingston
7 Centurion Ct,Epping,Whittlesea
376 Dalton Rd,Epping,Whittlesea
2 Dransfield Wy,Epping,Whittlesea
66 Roberts St,Essendon,Moonee Valley
13 Lorne St,Fawkner,Moreland
14 Hancock Dr,Ferntree Gully,Knox
27 Malua Rd,Ferntree Gully,Knox
138 Cecil St,Fitzroy,Yarra
32 Cecil St,Fitzroy,Yarra
397 Rae St,Fitzroy North,Yarra
18 Shields St,Flemington,Moonee Valley
2/121 Wellington St,Flemington,Moonee Valley
14 Box Av,Forest Hill,Whitehorse
14 Hampshire Rd,Forest Hill,Whitehorse
10 Plover Cl,Frankston,Frankston
70 Derinya Dr,Frankston South,Frankston
17 Payne St,Gladstone Park,Hume
4/135 Grange Rd,Glen Huntly,Glen Eira
2 Grandview Av,Glen Iris,Boroondara
58 Cambridge Dr,Glen Waverley,Monash
8 Edith St,Glen Waverley,Monash
9 Finton Cl,Glen Waverley,Monash
16 Rhodes Dr,Glen Waverley,Monash
152 Glenroy Rd,Glenroy,Moreland
9 Hartington St,Glenroy,Moreland
17 Patrick St,Glenroy,Moreland
6 Pembroke St,Greensborough,Banyule
132 Ludstone St,Hampton,Bayside
36 May St,Hampton,Bayside
4 The Avenue,Hampton,Bayside
10 Wickham Rd,Hampton East,Bayside
29 Fairmount Rd,Hawthorn East,Boroondara
6 Clyde Ct,Heidelberg,Banyule
219 Waiora Rd,Heidelberg Heights,Banyule
17 Nicol St,Highett,Bayside
1 Albion Ct,Hoppers Crossing,Wyndham
5 Davie Cr,Hoppers Crossing,Wyndham
24 Don Av,Hoppers Crossing,Wyndham
6 Moffatt Cr,Hoppers Crossing,Wyndham
33 Beauford St,Huntingdale,Monash
13 York Av,Ivanhoe East,Banyule
14 Gavin St,Jacana,Hume
216 Sunshine Av,Kealba,Brimbank
10 Wexford Ct,Keilor Downs,Brimbank
86 Milleara Rd,Keilor East,Moonee Valley
21 Phillip Rd,Keilor East,Moonee Valley
41 Roberts St,Keilor East,Moonee Valley
38 Belmont Av,Kew,Boroondara
14 Carson St,Kew,Boroondara
11/26 Edgevale Rd,Kew,Boroondara
54 Kent St,Kew,Boroondara
16 Scott St,Kew,Boroondara
25 Minogue St,Kew East,Boroondara
7 Allawah Cl,Keysborough,Greater Dandenong
8 Bataan Ct,Lalor,Whittlesea
65 Huskisson Av,Lalor,Whittlesea
101 Stanhope St,Malvern,Stonnington
19 Merlyn St,Maribyrnong,Maribyrnong
13 Haddon Ct,Meadow Heights,Hume
118 Barries Rd,Melton,Melton
1 Lincoln Wy,Melton West,Melton
24 Marlo Dr,Melton West,Melton
6 Blackwood Av,Mentone,Kingston
4 Vain Cl,Mill Park,Whittlesea
1 Dunlavin Rd,Mitcham,Whitehorse
2 Hardwood Ct,Mitcham,Whitehorse
2/491 Mitcham Rd,Mitcham,Whitehorse
8 Pattison St,Moonee Ponds,Moonee Valley
4 Bulga St,Mooroolbark,Yarra Ranges
2 Ormiston St,Mount Waverley,Monash
34 Park La,Mount Waverley,Monash
8 Susan Ct,Mount Waverley,Monash
12 Brookland Ct,Mulgrave,Monash
9 Caledonia Cr,Mulgrave,Monash
5 Lola St,Mulgrave,Monash
25 Rupert Dr,Mulgrave,Monash
21 Reid St,Murrumbeena,Glen Eira
71 Hamilton Rd,New Gisborne,Macedon Ranges
32 Agg St,Newport,Hobsons Bay
65 Speight St,Newport,Hobsons Bay
1 Cuthbert St,Niddrie,Moonee Valley
5 Hardwicke St,North Melbourne,Melbourne
271 Heidelberg Rd,Northcote,Darebin
61 Henry St,Northcote,Darebin
23 Park St,Northcote,Darebin
39 Winifred St,Northcote,Darebin
25 Bingley Av,Notting Hill,Monash
2 Grevillia Rd,Oak Park,Moreland
27 Station Rd,Oak Park,Moreland
68 Haughton Rd,Oakleigh,Monash
60 Highland Av,Oakleigh East,Monash
28 Beryl Av,Oakleigh South,Monash
28 Garfield Av,Ormond,Glen Eira
45 Holloway St,Ormond,Glen Eira
8/14 Lillimur Rd,Ormond,Glen Eira
9 Remy Av,Plumpton,Melton
136 Clark St,Port Melbourne,Port Phillip
61 Heath St,Port Melbourne,Port Phillip
7 MacKay St,Prahran,Stonnington
97 Albert St,Preston,Darebin
21 Emerald St,Preston,Darebin
340 Plenty Rd,Preston,Darebin
93 Arundel Av,Reservoir,Darebin
11 Duffy St,Reservoir,Darebin
42 Gisborne Cr,Reservoir,Darebin
9 Marchant Av,Reservoir,Darebin
5 Mendip Rd,Reservoir,Darebin
32 Moira Av,Reservoir,Darebin
19 Smith St,Reservoir,Darebin
57 Yarra Av,Reservoir,Darebin
20 York St,Reservoir,Darebin
201/77 Abinger St,Richmond,Yarra
8 Hunter St,Richmond,Yarra
98 Wonga Rd,Ringwood,Maroondah
1 Heape Wy,Ringwood North,Maroondah
20 Rhonda St,Rosanna,Banyule
57 Ruthven St,Rosanna,Banyule
11 Grenville Tce,Roxburgh Park,Hume
4/388 Bluff Rd,Sandringham,Bayside
201 Buckley St,Seddon,Maribyrnong
95 Bank St,South Melbourne,Port Phillip
97 Park St,South Melbourne,Port Phillip
15 Jenolan Wy,South Morang,Whittlesea
4 Audrey St,Springvale,Greater Dandenong
29 Lester Av,St Albans,Brimbank
30 Thorndon Dr,St Albans,Brimbank
16 Allumba Dr,St Helena,Banyule
20 Fawkner St,St Kilda,Port Phillip
4 Frampton St,St Kilda,Port Phillip
68 Bournian Av,Strathmore,Moonee Valley
7 Brisbane St,Strathmore,Moonee Valley
95 Harker St,Sunbury,Hume
43 Ligar St,Sunbury,Hume
3 Paperbark Av,Sunbury,Hume
3 Ponsford Pl,Sunbury,Hume
6 Richardson Av,Sunbury,Hume
12 Redgum Dr,Sunshine North,Brimbank
11 Amore Dr,Sunshine West,Brimbank
3 Arthur St,Surrey Hills,Whitehorse
2 Honeyeater Cr,Taylors Lakes,Brimbank
21 Salvana Ct,Taylors Lakes,Brimbank
2 Yanchep Ct,Taylors Lakes,Brimbank
21 Wood St,Templestowe,Manningham
19 Howitt Dr,Templestowe Lower,Manningham
275 Thompsons Rd,Templestowe Lower,Manningham
5 Democrat Dr,The Basin,Knox
24 Simpson St,Thomastown,Whittlesea
8 Howqua Ct,Vermont,Whitehorse
204 Hawthorn Rd,Vermont South,Whitehorse
38 Templeton St,Wantirna,Knox
7 Cathies La,Wantirna South,Knox
3 Jonathon Ct,Wantirna South,Knox
32 Hooker Rd,Werribee,Wyndham
15 Seine Cl,Werribee,Wyndham
702 Barkly St,West Footscray,Maribyrnong
171 Essex St,West Footscray,Maribyrnong
14 Parkhill Ct,Westmeadows,Hume
17 Plato Cr,Wheelers Hill,Monash
2 Wattleglade Ct,Wheelers Hill,Monash
146 Ferguson St,Williamstown,Hobsons Bay
16 Allendale Av,Wollert,Whittlesea
37 Ballarat St,Yarraville,Maribyrnong
5 Maryston St,Yarraville,Maribyrnong
18 Stewart St,Yarraville,Maribyrnong
11 Grange Rd,Airport West,Moonee Valley
125 Parer Rd,Airport West,Moonee Valley
59 Barrett St,Albert Park,Port Phillip
6 Pickles St,Albert Park,Port Phillip
20 Burt St,Altona,Hobsons Bay
1/76 Queen St,Altona,Hobsons Bay
23 Hatherley Gr,Altona North,Hobsons Bay
16 Bailey Av,Armadale,Stonnington
6 MacArthur Av,Ascot Vale,Moonee Valley
28 Baker Pde,Ashburton,Boroondara
59 Winton Rd,Ashburton,Boroondara
16 Grosvenor St,Balaclava,Port Phillip
6 Aquila St,Balwyn North,Boroondara
33 Cityview Rd,Balwyn North,Boroondara
1 Hosken St,Balwyn North,Boroondara
22 Kalonga Rd,Balwyn North,Boroondara
11 Hastings Av,Beaumaris,Bayside
12 McNamara St,Beaumaris,Bayside
5 Davidson St,Bellfield,Banyule
44 McLean Av,Bentleigh,Glen Eira
16 Bevis St,Bentleigh East,Glen Eira
28 Melva St,Bentleigh East,Glen Eira
47 Parkmore Rd,Bentleigh East,Glen Eira
1 Sassella St,Bentleigh East,Glen Eira
10 Fir St,Blackburn,Whitehorse
4 Goodwin St,Blackburn,Whitehorse
117 Fulton Rd,Blackburn South,Whitehorse
20 Wreford Rd,Blackburn South,Whitehorse
14 Haldane St,Bonbeach,Kingston
2 Norwich St,Boronia,Knox
13 Cunningham St,Box Hill,Whitehorse
77 Karingal Dr,Briar Hill,Banyule
3 Adamson St,Brighton,Bayside
53 Elwood St,Brighton,Bayside
44 Meek St,Brighton,Bayside
76 Canberra Gr,Brighton East,Bayside
1/208 Albion St,Brunswick,Moreland
10B Albion St,Brunswick East,Moreland
117 Barkly St,Brunswick East,Moreland
33 Irvine Cr,Brunswick West,Moreland
38 McLean St,Brunswick West,Moreland
16 Temple St,Brunswick West,Moreland
8 Cabernet Cr,Bundoora,Whittlesea
36 Cameron Pde,Bundoora,Banyule
37 Greenwood Dr,Bundoora,Banyule
18 Fydler Av,Burnside,Melton
3 Aylwin Av,Burwood,Whitehorse
23 Cromwell St,Burwood,Whitehorse
58 Eley Rd,Burwood,Whitehorse
42 Uganda St,Burwood,Whitehorse
11 Webb St,Burwood,Monash
1 Trafalgar Rd,Camberwell,Boroondara
10 Beaumont St,Canterbury,Boroondara
50 Dorrit St,Carlton,Melbourne
59 Oakleigh Rd,Carnegie,Glen Eira
1 Broderick Rd,Carrum Downs,Frankston
2 Donna St,Carrum Downs,Frankston
2 Tasman Ct,Carrum Downs,Frankston
2/203 Booran Rd,Caulfield South,Glen Eira
23 Oakpark Dr,Chadstone,Monash
7 Brolga Av,Chelsea Heights,Kingston
78 Albenca St,Cheltenham,Kingston
42 Snowdon Dr,Cheltenham,Kingston
26 Tarago Cr,Clayton South,Kingston
373 Moreland Rd,Coburg,Moreland
21 Norval Cr,Coolaroo,Hume
28 Powell St,Craigieburn,Hume
5 Scarborough Tce,Craigieburn,Hume
48 Majestic Bvd,Cranbourne,Casey
9 Columbia Av,Croydon,Maroondah
19 Sevenoaks Av,Croydon,Maroondah
22 Pinewood Av,Dandenong North,Greater Dandenong
20 Northcliffe Rd,Edithvale,Kingston
16 Foster Rd,Eltham,Nillumbik
45 Allison Cr,Eltham North,Nillumbik
26 Lowalde Dr,Epping,Whittlesea
8 Trumper Pl,Epping,Whittlesea
54 Cooper St,Essendon,Moonee Valley
58 Primrose St,Essendon,Moonee Valley
14 Shaftesbury St,Essendon,Moonee Valley
2/6 Simpson Rd,Ferntree Gully,Knox
50 Church St,Fitzroy North,Yarra
134 Clauscen St,Fitzroy North,Yarra
171 Scotchmer St,Fitzroy North,Yarra
211 Scotchmer St,Fitzroy North,Yarra
141 Summerhill Rd,Footscray,Maribyrnong
39 Barter Cr,Forest Hill,Whitehorse
9 Jackson St,Forest Hill,Whitehorse
6 Tonmar Ct,Forest Hill,Whitehorse
16 Wickham Av,Forest Hill,Whitehorse
4 Sassafras Dr,Frankston,Frankston
7 Huon Ct,Frankston North,Frankston
23 Fenton Cr,Frankston South,Frankston
8 Fulham Cl,Frankston South,Frankston
9 Banks Pl,Gladstone Park,Hume
10 Madeline St,Glen Iris,Boroondara
6 Viva St,Glen Iris,Stonnington
33 Welfare Pde,Glen Iris,Boroondara
80 Paget Av,Glenroy,Moreland
24 Duranta Dr,Gowanbrae,Moreland
53 Greenhill Rd,Greensborough,Banyule
2/5 McDowell St,Greensborough,Banyule
1 Ruby La,Greensborough,Nillumbik
9 Tangari Ct,Greensborough,Banyule
2/18 Vermont Pde,Greensborough,Banyule
43 Service St,Hampton,Bayside
3 Sybil St,Hampton East,Bayside
4 Somerville Rd,Hampton Park,Casey
42 College St,Hawthorn,Boroondara
81 Ramu Pde,Heidelberg West,Banyule
2/4 Turner Rd,Highett,Kingston
26 Abbotswood Dr,Hoppers Crossing,Wyndham
23 Bayview Cr,Hoppers Crossing,Wyndham
80 Judkins Av,Hoppers Crossing,Wyndham
3/14 Moffatt Cr,Hoppers Crossing,Wyndham
63 Beauford St,Huntingdale,Monash
197 Banksia St,Ivanhoe,Banyule
71 Church St,Keilor,Brimbank
16 Kiewa Cr,Keilor,Brimbank
17 Goodwood Dr,Keilor Downs,Brimbank
11 Turfan Cl,Keilor Downs,Brimbank
17 Diorite Ct,Keilor East,Moonee Valley
18 Heatherlea Cr,Keilor East,Moonee Valley
7 Pumice Ct,Keilor East,Moonee Valley
148 Rachelle Rd,Keilor East,Moonee Valley
1 Flinders St,Keilor Park,Brimbank
135 Brougham St,Kew,Boroondara
6 Carson St,Kew,Boroondara
537 High St,Kew,Boroondara
16 Hodgson St,Kew,Boroondara
5 Regency Gr,Kew,Boroondara
4 Second Av,Kew,Boroondara
17 Kotiko Rd,Keysborough,Greater Dandenong
17 Birkenhead Dr,Kilsyth,Yarra Ranges
3 Ikara Cl,Kings Park,Brimbank
707 Toorak Rd,Kooyong,Stonnington
1 Ashdown Ct,Lalor,Whittlesea
25 Bruce St,Lalor,Whittlesea
264 Edgars Rd,Lalor,Whittlesea
183 Kingsway Dr,Lalor,Whittlesea
83 Pindara Bvd,Langwarrin,Frankston
3 Wallace St,Maidstone,Maribyrnong
7 Northbrook Av,Malvern,Stonnington
2002 Malvern Rd,Malvern East,Stonnington
88 The Esplanade,Maribyrnong,Maribyrnong
55 McKinnon Rd,McKinnon,Glen Eira
36A Windsor Av,McKinnon,Glen Eira
17 Canadian Ct,Meadow Heights,Hume
21D Yuille St,Melton,Melton
1 Fraser St,Melton South,Melton
29 Neville St,Mentone,Kingston
81 Erskine St,Middle Park,Port Phillip
29 Highland Av,Mitcham,Whitehorse
2/61 Orient Av,Mitcham,Whitehorse
37 Purches St,Mitcham,Whitehorse
21 David St,Monbulk,Yarra Ranges
1/53 Buckley St,Moonee Ponds,Moonee Valley
46 Eglinton St,Moonee Ponds,Moonee Valley
53 Moore St,Moonee Ponds,Moonee Valley
110 Chapel Rd,Moorabbin,Kingston
7 Walsh Av,Moorabbin,Kingston
11 Western Wy,Mooroolbark,Yarra Ranges
46 Barkly St,Mordialloc,Kingston
15 Anthony Dr,Mount Waverley,Monash
17 Huntingtower Cr,Mount Waverley,Monash
2/392 Stephensons Rd,Mount Waverley,Monash
2229 Dandenong Rd,Mulgrave,Monash
3 Grandview Rd,Niddrie,Moonee Valley
44 Shaw St,Niddrie,Moonee Valley
9 Erskine St,North Melbourne,Melbourne
95 Beavers Rd,Northcote,Darebin
3/39 Lemon Gr,Nunawading,Whitehorse
18 Jessie St,Oak Park,Moreland
3 Grant St,Oakleigh,Monash
33 Guest Rd,Oakleigh South,Monash
57 Holloway St,Ormond,Glen Eira
5 Stewart St,Ormond,Glen Eira
12 Wallen Rd,Ormond,Glen Eira
14 Robert St,Parkdale,Kingston
63 The Corso,Parkdale,Kingston
1 Ann St,Pascoe Vale,Moreland
21 Stoneyfell Rd,Point Cook,Wyndham
44 Garton St,Port Melbourne,Port Phillip
201 Stokes St,Port Melbourne,Port Phillip
69 Greville St,Prahran,Stonnington
17 Packington Pl,Prahran,Stonnington
61 Dundas St,Preston,Darebin
1E Black St,Reservoir,Darebin
1 Don St,Reservoir,Darebin
28 Manoel Av,Reservoir,Darebin
4 Newton St,Reservoir,Darebin
92 Pine St,Reservoir,Darebin
170 Coppin St,Richmond,Yarra
115 Loughnan Rd,Ringwood,Maroondah
14 Everard Rd,Ringwood East,Maroondah
179 Beverley Rd,Rosanna,Banyule
30 Phillips Cr,Rosanna,Banyule
4 Gellion Pl,Roxburgh Park,Hume
8 Kennedy Pde,Roxburgh Park,Hume
221 Bluff Rd,Sandringham,Bayside
1 millgrove St,Scoresby,Knox
137 East Rd,Seaford,Frankston
48 Hamilton St,Seddon,Maribyrnong
20 Watt St,Spotswood,Hobsons Bay
33 Moonstone Cct,St Albans,Brimbank
4 Collegian Av,Strathmore,Moonee Valley
31 Barkly St,Sunbury,Hume
7 Fullbrook Dr,Sunbury,Hume
37 Ligar St,Sunbury,Hume
64 Stewarts La,Sunbury,Hume
9 Appleby Ct,Sunshine,Brimbank
5 Berkshire Rd,Sunshine North,Brimbank
24 Hilma St,Sunshine West,Brimbank
16 Mudford St,Sunshine West,Brimbank
20 Albert Cr,Surrey Hills,Boroondara
46 Durham Rd,Surrey Hills,Boroondara
3 Oak St,Surrey Hills,Whitehorse
27 McMahon Cr,Tarneit,Wyndham
10 Hathaway Cl,Templestowe,Manningham
20 Airds Rd,Templestowe Lower,Manningham
16 Benambra Dr,Templestowe Lower,Manningham
50 Caroline Dr,Templestowe Lower,Manningham
7 Dove Ct,Templestowe Lower,Manningham
7 Ballantyne St,Thornbury,Darebin
201 Gooch St,Thornbury,Darebin
7 Londrew Ct,Tullamarine,Hume
73 Nurlendi Rd,Vermont,Whitehorse
9 Winswood Cl,Vermont South,Whitehorse
149 Graham Rd,Viewbank,Banyule
16 chesterfield Ct,Wantirna,Knox
12 Armagh Cr,Wantirna South,Knox
34 Fewster Dr,Wantirna South,Knox
15 Mara Cl,Wantirna South,Knox
76 Kenmare St,Watsonia,Banyule
5 Nuragi Ct,Werribee,Wyndham
9 Black St,Westmeadows,Hume
12 Strada Cr,Wheelers Hill,Monash
77 Merrett Dr,Williamstown,Hobsons Bay
83 Power St,Williamstown,Hobsons Bay
96 Verdon St,Williamstown,Hobsons Bay
6 Agnes St,Yarraville,Maribyrnong
